{"min": [-0.514496, -0.759651, -0.521358], "max": [0.502099, 0.708741, 0.593496], "scale": 0.6, "door_ref_frame":  "link_2"}